{
  "name": "Email",
  "version": "1.1.0",
  "title": "Email",
  "description": "Email content-pack",
  "iconFile": "docs/email.svg",
  "localization": [
    {
      "lang": "RU",
      "title": "Email",
      "description": "Email контент-пак",
      "readme": "docs/readme-RU.md",
      "changelog": "docs/changelog-RU.md"
    }
  ],
  "contentType": "UserContent",
  "publisher": "Vendor",
  "author": "Monq",
  "repositoryUrl": "https://github.com/MONQDL/content-packs",
  "readme": "docs/readme.md",
  "changelog": "docs/changelog.md",
  "tags": [
    "action"
  ],
  "productMinVersion": "8.2.0",
  "scenarios": [
    {
      "name": "Email",
      "title": "Email Actions",
      "description": "Pre-configured Business process Actions for sending notifications via Email",
      "iconFile": "docs/email.svg",
      "scenarioFile": "scenarios/email_full-RU.yaml",
      "readme": "docs/action_full_readme.md",
      "instructions": "docs/action_full_instructions.md",
      "postInstallReadme": "docs/action_full_post-instructions.md",
      "tags": [
        "action"
      ],
      "assets": [
        "action"
      ],
      "grants": [
        "pl.automaton.write"
      ],
      "localization": [
        {
          "lang": "RU",
          "title": "Действия Email",
          "description": "Преднастроенные Действия бизнес-процессов для отправки уведомлений через Email",
          "scenarioFile": "scenarios/email_full-RU.yaml",
          "readme": "docs/action_full_readme-RU.md",
          "instructions": "docs/action_full_instructions-RU.md",
          "postInstallReadme": "docs/action_full_post-instructions-RU.md"
        }
      ]
    }
  ]
}
